"","state","black_05_inc","err_black_05_inc","asian_05_inc","err_asian_05_inc","latino_05_inc","err_latino_05_inc","white_05_inc","err_white_05_inc","black_06_inc","err_black_06_inc","asian_06_inc","err_asian_06_inc","latino_06_inc","err_latino_06_inc","white_06_inc","err_white_06_inc","black_07_inc","err_black_07_inc","asian_07_inc","err_asian_07_inc","latino_07_inc","err_latino_07_inc","white_07_inc","err_white_07_inc","black_08_inc","err_black_08_inc","asian_08_inc","err_asian_08_inc","latino_08_inc","err_latino_08_inc","white_08_inc","err_white_08_inc","black_09_inc","err_black_09_inc","asian_09_inc","err_asian_09_inc","latino_09_inc","err_latino_09_inc","white_09_inc","err_white_09_inc","black_10_inc","err_black_10_inc","asian_10_inc","err_asian_10_inc","latino_10_inc","err_latino_10_inc","white_10_inc","err_white_10_inc","black_11_inc","err_black_11_inc","asian_11_inc","err_asian_11_inc","latino_11_inc","err_latino_11_inc","white_11_inc","err_white_11_inc","black_12_inc","err_black_12_inc","asian_12_inc","err_asian_12_inc","latino_12_inc","err_latino_12_inc","white_12_inc","err_white_12_inc","black_13_inc","err_black_13_inc","asian_13_inc","err_asian_13_inc","latino_13_inc","err_latino_13_inc","white_13_inc","err_white_13_inc","black_14_inc","err_black_14_inc","asian_14_inc","err_asian_14_inc","latino_14_inc","err_latino_14_inc","white_14_inc","err_white_14_inc","black_15_inc","err_black_15_inc","asian_15_inc","err_asian_15_inc","latino_15_inc","err_latino_15_inc","white_15_inc","err_white_15_inc","black_16_inc","err_black_16_inc","asian_16_inc","err_asian_16_inc","latino_16_inc","err_latino_16_inc","white_16_inc","err_white_16_inc"
"1","Alabama",23427,824,49372,14898,42700,724,35642,4579,25203,831,46945,5144,44990,687,31930,2914,25739,479,51203,4839,46243,369,35453,1914,27160,446,52148,4269,49029,471,35963,1767,26734,303,51563,3657,47745,318,35484,1454,27621,369,51845,3406,48532,318,35234,1417,28156,349,54756,3603,49637,346,35735,1681,28316,413,53768,3945,50013,354,35382,1383,28750,493,57096,5297,49982,304,35781,1409,29055,384,56276,4722,50353,293,34763,1337,29180,391,55775,4660,50760,276,33984,1674,30180,312,59063,4031,51684,266,35669,1664
"2","Alaska",37850,12455,51733,9502,62239,2206,51617,4208,40499,6263,57905,7480,65765,1606,55322,12879,50440,7585,58349,3709,68178,1309,54857,3494,53464,9271,62376,4506,73272,1432,55815,4459,53512,4979,63834,2454,71223,1084,55848,2349,55063,4772,64752,3481,73279,885,57006,2461,59119,4610,64794,3580,75453,996,60274,4031,54861,4520,64109,3521,76745,902,61832,3972,57260,4779,66374,3591,77265,732,63272,6883,55897,5839,63551,3242,79052,986,62038,4533,51944,4341,64466,4026,80056,915,60540,3874,53800,4163,67362,4488,82574,966,61954,5620
"3","Arizona",33528,3332,54431,2615,49541,848,34743,1149,41198,2055,54754,5833,52244,515,37288,875,38475,1204,58275,2405,53693,340,38175,581,41993,1345,62574,2073,56271,410,40239,659,40240,1365,63703,2101,55608,278,39133,431,40945,1218,63140,2077,55627,308,39076,422,40540,1249,65194,2251,56120,290,39258,462,41221,1375,65904,2292,55550,332,38730,457,39543,1430,65288,2705,55162,357,38327,400,39266,1290,65658,1974,55363,287,38567,420,39483,1249,66274,1727,55800,326,39020,528,39991,978,68360,1833,57003,330,40523,416
"4","Arkansas",20942,1186,49658,9980,37935,775,30792,2962,23265,1613,45438,7981,40177,567,30704,2255,24056,624,48781,6555,41037,346,31494,1784,25176,779,47610,4814,42610,475,32563,1609,24420,503,45795,3510,42074,302,32448,1118,25509,484,45556,2927,42721,364,32712,1041,25681,419,48249,4034,43702,342,33696,1349,26190,372,49905,2833,44181,272,33542,1061,26255,506,53518,2757,44482,337,33169,982,26733,479,55922,3776,45070,337,34173,1174,26731,554,59872,5412,45346,308,34589,1308,28004,750,62860,3136,46411,318,35834,1064
"5","California",39317,1127,62145,795,62457,392,41326,353,40709,795,70067,855,65310,333,43805,442,41748,585,70867,443,67229,225,45068,250,43366,597,74667,594,70628,241,47185,295,43397,464,73570,422,69828,218,46535,215,44127,434,74527,450,70414,210,47180,217,44471,484,75968,493,71494,233,47618,236,44609,404,76337,469,71357,243,47332,188,43969,421,76806,372,71226,256,47082,199,43476,481,77932,570,72061,239,47206,197,43087,578,79260,487,72741,247,47393,214,44192,499,81899,366,75097,248,49134,243
"6","Colorado",35293,4953,55773,6649,55184,799,34684,1425,34563,2015,55053,6604,57903,846,35941,1110,38658,2154,57814,4244,59782,442,36819,696,38899,1931,60309,3751,62618,391,37725,823,37537,1283,60996,1924,61771,290,38166,499,38530,1428,57630,2854,62287,349,38450,597,39797,1556,61939,2372,63492,322,40025,504,39115,1680,64197,1802,63922,354,40732,529,40298,1214,65155,2075,63967,369,41147,578,41980,1275,64854,2630,65015,396,41982,497,42150,1154,66237,1949,66208,314,42774,688,44366,1067,67601,2261,68501,375,44802,707
"7","Connecticut",38059,3530,71436,7668,67205,1120,37820,2251,41648,2718,80739,5794,70069,810,36217,1590,42688,1697,78587,4767,72040,522,39513,1382,45082,1395,82338,4192,75219,601,40483,1505,43353,1328,82212,2608,74645,425,39868,980,43587,1102,80893,2096,75155,392,39536,941,43886,1424,82022,2118,76889,416,40257,908,42770,1147,85729,2220,77615,547,39534,1067,42208,1161,86929,2236,77900,499,39852,1089,42838,1150,86676,2302,78695,563,39375,1145,42917,1307,89755,3458,79565,590,40059,1063,43732,999,91606,2097,81354,514,42068,780
"8","Delaware",40553,2527,76149,7148,56287,1694,43547,5550,41640,2361,67338,16607,56739,1588,39199,6012,42190,1553,78555,4703,59949,1038,41366,4391,43081,1632,82782,4685,62292,962,42292,3915,43552,1093,82836,4889,62352,784,41912,2894,43179,963,86426,3982,62628,844,41530,2884,43680,1159,88818,5484,64892,687,42020,3041,44175,1449,90185,4090,65226,848,45077,2621,45945,1300,88152,6497,64959,819,43919,2078,46149,1065,87453,9266,65660,628,46295,2531,47242,1479,88009,8625,65434,730,45698,2604,47450,1560,87520,6403,66238,740,44835,2981
"9","District of Columbia",32360,1551,53605,7266,79336,4322,44053,8424,34484,2263,67137,11354,91631,4140,43547,8357,35112,1249,63867,9177,91594,3013,44699,3729,37763,1575,71317,6649,102702,2180,44650,4836,37304,846,71768,4286,102343,1861,46998,2880,38218,1195,72628,3171,100996,1544,51569,3594,39421,1187,76969,4592,105497,2222,53754,4209,40300,876,81316,5514,108629,1734,55847,3420,39699,1010,80065,4842,111420,1722,57068,3616,40829,853,82213,6281,115109,2351,61210,4028,40677,804,83064,5825,119934,2214,61087,3335,40560,924,91453,4719,122593,2242,60848,4911
"10","Florida",30678,557,50815,3478,46804,368,36958,646,32554,671,56650,2937,49585,375,40510,522,34011,388,56190,1800,50887,193,41137,366,35721,419,59000,1967,52949,159,42595,395,34650,284,57269,1159,51808,140,41646,300,35197,290,57818,1378,52121,190,41758,323,35334,298,59435,1300,52433,181,41498,255,34690,340,59979,1236,52212,198,40860,329,34282,314,60269,927,51783,171,40629,289,34467,264,61248,956,52147,192,40712,304,34664,343,61880,889,52510,228,40851,255,35722,318,63391,1003,53904,208,41909,291
"11","Georgia",32443,789,60391,3072,52427,577,36883,1251,33563,678,60337,2405,54700,627,37692,1612,34951,432,61937,1531,56274,391,39003,850,36983,403,63728,1664,58774,400,39628,736,36060,268,62545,1421,57370,277,38958,628,36364,347,62460,1260,57583,322,38287,637,36862,290,61986,1492,58146,367,37371,693,36618,354,62709,1294,58045,282,37132,812,36055,260,63460,1414,57654,339,36926,710,36356,272,64364,1118,57820,316,38032,616,36655,299,65611,1571,57966,345,38784,675,37887,397,69946,1764,59595,321,41157,558
"12","Hawaii",49106,15769,60282,2093,61500,2205,52201,6835,49486,5660,64849,2439,61500,2488,55909,6929,52244,4136,65327,1127,64702,1554,55036,2562,61029,6165,68542,1515,68470,1944,58521,3732,56227,5596,67629,1025,66650,1195,55981,2336,57060,5715,69610,1012,68617,1648,54050,1858,57832,4821,70573,1296,69171,1368,54879,2871,57898,4729,71638,1350,69363,1327,54110,2773,59336,3430,72696,1208,68713,1316,52862,2751,61829,3132,73765,1047,68592,1172,55180,3151,62115,2665,74800,1023,69834,1376,56637,2238,66009,5985,76774,1047,72756,1504,58504,2742
"13","Idaho",28027,11727,53899,6911,42934,984,28812,2145,32074,7167,58956,10725,44323,993,32085,2539,36367,5601,51797,10241,46414,594,33096,1466,39161,6688,51046,8159,48731,639,35957,1984,37672,6298,47588,7566,47736,392,34364,1041,30804,6474,42837,4521,48049,408,35141,1097,33411,5843,41534,3353,48607,499,35271,1294,34864,3324,45830,6479,48625,471,35284,1257,33935,5737,50220,5949,48387,452,36181,1357,33391,7758,53582,5472,48929,476,37346,1350,37928,7970,55525,5656,49061,487,38085,1342,41690,7819,53443,4727,50608,428,39540,1294
"14","Illinois",31728,735,66141,2027,54751,454,41640,967,33151,1212,66754,2418,57031,406,43877,1119,34015,530,70419,1312,58879,298,45808,553,35221,550,73502,1555,61549,270,47854,632,34456,408,72528,1145,60511,215,46883,541,34874,405,72492,1111,61342,214,47170,487,35092,324,74986,1243,62519,240,47182,534,34735,382,75230,1225,62990,229,46916,473,34210,378,75533,1138,63142,178,46425,508,34174,367,75890,1179,63847,270,46782,435,33730,448,76810,1200,64353,250,47082,462,34404,472,79406,1461,65880,231,48896,474
"15","Indiana",28760,1296,49681,5724,46068,455,35449,1991,29309,1427,50640,4444,47552,541,35484,1639,30649,793,54054,3168,49482,255,36719,1082,31346,589,52317,3765,51253,262,37863,1562,30380,559,53714,2878,49950,201,37666,1012,30814,454,52078,1926,50409,183,36855,793,30898,433,53742,1864,51150,205,37148,743,30609,499,52348,2259,51087,207,38326,772,30290,534,52927,2114,51034,210,38296,817,30531,562,52818,2296,51623,224,38618,964,30349,447,54246,3125,52006,192,39712,1098,31171,390,54282,2728,53279,252,41281,879
"16","Iowa",22221,3351,51644,5176,44422,529,29350,3774,27017,3895,50610,10846,45396,483,35789,1337,24564,2012,52439,4251,47272,337,35936,1448,25342,2089,53431,4702,49754,352,38766,1517,24840,1573,53039,5242,49117,222,37152,1276,24860,1198,52345,3896,50151,263,38388,1232,26151,1149,55839,3800,51664,258,38666,1278,26607,959,57596,2928,52434,282,38780,1538,27060,995,59560,2729,53178,280,39512,1464,27745,1389,59028,3494,54102,279,40551,1147,28670,1319,56976,3985,54717,308,40387,1212,29802,1408,56508,3425,56178,289,42082,1091
"17","Kansas",29735,1863,51690,10241,45362,688,33167,2606,29076,1800,52807,9953,47436,581,34220,2817,31569,1257,56170,5134,48972,426,35351,1422,31861,1433,62144,4128,51506,434,37278,1421,31695,950,58713,4342,50750,275,36947,726,31195,931,57315,3171,51852,272,37572,947,32297,949,59306,3104,53098,306,38337,875,32333,891,59033,3185,53862,247,39379,946,32311,947,60179,2627,54022,313,39726,929,32903,1124,60287,2881,54776,307,39779,859,33677,1160,59365,3138,55420,319,40117,838,33887,1272,61022,2696,56879,333,41492,711
"18","Kentucky",26387,1184,53139,10444,38563,576,31917,4212,26595,1200,49687,5990,40528,436,36098,5504,27518,907,52334,5807,41313,307,36823,2858,28205,961,57691,4247,43115,308,37358,2591,28511,596,58590,3170,42466,252,36073,2071,28722,673,59735,2517,42943,265,34639,1955,28927,812,64284,2963,43812,272,34024,1584,29055,711,63646,2538,44185,264,34369,1647,29251,647,61476,2498,44609,275,34220,1522,28858,753,62293,2347,45053,262,34575,1325,29358,729,62948,2551,45475,328,35672,1491,30418,601,61215,1769,46561,319,35995,1192
"19","Louisiana",23238,912,45638,10051,44300,858,37569,2502,23986,733,47543,6069,46871,730,38776,2770,24840,491,50529,3373,48215,466,39215,2406,26207,427,52421,2758,51484,411,39886,1647,26256,306,50457,1889,51057,325,39638,1405,27107,299,51318,2148,52264,298,42007,1127,27740,416,53035,2807,53549,338,42024,1030,28144,387,52114,2524,54427,367,42939,1249,28070,408,51773,2596,54619,383,44201,1375,28116,355,53586,3461,55070,488,44481,1301,27756,386,54313,2513,55479,455,42637,1727,28095,394,54579,3828,56299,495,43286,1780
"20","Maine",20738,9426,41663,18257,43212,1007,31592,2827,35941,6552,32980,16455,43994,795,31343,10364,26968,8462,40145,6023,45758,464,33706,2330,33200,9769,43843,5479,47386,559,37702,4088,27091,4298,43911,2936,47102,408,36480,2490,35235,6289,44034,3919,47487,461,35167,3593,28281,4613,50219,5440,48509,416,36426,2655,27479,3415,50154,5450,48773,459,37347,3672,27020,3452,51677,4330,48978,542,38237,3847,24370,4351,53495,4135,49360,500,39421,3105,23453,4225,51657,4386,49915,512,41535,2930,27794,5516,53723,6337,51335,421,43099,3448
"21","Maryland",46541,1098,75539,4217,68882,878,55502,3187,51726,928,82609,4734,71536,744,58093,3318,52098,509,82332,2308,73977,576,60728,2190,55031,673,85726,2271,77214,486,61618,1645,54473,427,86487,2063,76868,398,61135,1103,56075,429,87555,1961,78222,474,61818,1259,57309,494,89575,2168,80693,475,62774,1390,57660,504,91209,2182,81842,406,61697,1169,58091,498,91826,2309,82732,429,62242,1117,58657,564,92457,2056,83652,509,62493,1194,59021,633,93936,2116,84120,453,62463,1200,60593,516,96981,2055,85808,483,64560,1051
"22","Massachusetts",35702,3273,66986,5297,61083,626,29778,1937,38496,3427,63643,3980,63631,824,30140,1789,39917,1850,69552,2053,65939,406,31075,1056,42095,1262,72168,2038,69226,471,32037,924,41374,972,73159,1859,68883,362,32205,979,42115,1270,71704,1324,69431,400,32206,697,42265,923,74519,1767,71277,400,33723,1033,42676,960,75255,1741,72091,359,34089,954,43345,834,75996,1563,72488,388,34269,779,42895,861,77889,1769,73949,395,34870,679,42959,1038,78996,2138,74905,356,36171,765,44117,1261,82020,1635,77261,369,37100,808
"23","Michigan",30311,906,61622,2424,49162,531,38522,2560,31276,721,67985,2892,50511,311,36372,1908,31534,511,68611,2270,51794,181,38187,1193,31982,420,72245,1987,52954,224,39077,1448,31278,348,70182,1531,52010,163,38416,862,31308,271,70525,1537,51764,167,38175,985,30796,302,72610,2106,52067,166,38444,834,30261,292,72194,2157,52087,199,38552,666,29629,353,73269,2150,52113,176,37640,818,29628,366,73809,1882,52740,190,38757,888,29678,455,74517,1733,53303,195,39571,1081,30732,351,76370,1799,54670,209,41318,804
"24","Minnesota",25183,1643,53916,3252,53975,468,35492,3432,30120,3471,60372,4294,55979,452,36850,2960,28667,1709,59909,2816,57608,307,39081,1902,30302,1314,63229,2183,59994,290,41065,1516,28913,1021,60277,1887,59167,244,40068,1647,28595,956,60371,1307,59870,223,40163,1299,28881,800,61931,1555,61205,234,40193,981,29003,857,64093,1249,61860,229,40933,1289,29896,998,64716,1459,62560,244,41196,1101,29873,959,65575,1551,63642,291,41674,984,30314,905,66780,1688,64485,274,42227,1054,30703,721,69647,1469,66399,254,44000,1349
"25","Mississippi",21963,806,45653,10800,41280,769,31351,4770,21969,716,45216,7628,43222,1122,35378,6666,23164,484,40849,4860,44714,564,36881,3053,24321,529,45804,6157,47276,642,39063,3785,23935,352,43576,3655,46405,494,36941,2961,24609,382,44359,4654,47508,450,40051,2129,25455,361,48674,5700,48319,514,40713,2730,25734,367,49193,4909,48454,474,38958,3140,25800,392,50162,5820,48573,443,39091,3498,26384,317,51584,4806,48960,474,38802,3303,26549,300,52727,3922,49333,505,37488,2089,27174,379,53833,4065,50525,390,37891,2662
"26","Missouri",28540,1185,46585,3241,44221,558,38049,2746,27808,1418,50950,3328,45430,402,36738,3415,29704,817,50219,2998,46981,278,39359,2359,30433,625,55521,2918,49038,307,39339,2764,30388,420,56370,2381,48494,197,39640,1590,30653,469,56587,2285,48929,226,38811,1558,31593,475,59040,2789,49991,177,38722,1350,31374,496,61507,2149,50245,204,38094,1129,31511,459,61613,1940,50312,221,37732,1320,31831,487,61162,2527,50811,223,38431,1263,31977,387,60908,2205,51135,220,38712,1613,32923,594,62232,2448,52421,243,40566,1044
"27","Montana",18854,10742,41838,19066,40409,765,33604,5951,24365,7155,34321,9407,41823,654,27165,7661,24213,6916,35789,6948,43613,512,33809,2330,23587,7262,28774,5267,45339,641,32399,5337,24734,8688,34300,7438,44385,485,31668,2596,34079,10278,34732,9117,45121,498,32182,1866,27477,10559,40000,6175,46596,438,33921,2732,36406,24594,40089,6205,47014,536,33206,1516,45919,15852,47015,4853,47687,513,35417,2947,36842,15211,47631,4426,48332,606,36434,1680,31074,9224,51704,4285,48906,529,36762,2009,28863,3509,50125,7039,50176,474,37045,2312
"28","Nebraska",22412,3629,56684,8008,45743,756,35648,1812,28423,1879,58056,11051,47062,648,35639,2584,26637,1864,58827,5647,48922,452,36374,1725,28194,2234,57857,4644,51197,399,37774,1589,26505,1236,56563,4437,50031,299,37745,994,27468,1624,54847,3880,51552,301,37714,1092,27449,1313,52410,2519,53012,371,38720,1233,27817,1440,53135,2871,53996,305,38645,1157,27577,1190,50867,3017,54434,347,38461,1303,28376,1561,51551,3178,55369,401,39328,1346,29967,1403,50787,2943,56275,368,39703,964,30577,1305,49595,3312,57723,430,41429,1143
"29","Nevada",33987,3920,54161,2523,53110,1188,41373,1444,43027,3426,56021,4053,57812,1516,45392,1794,39594,1368,57164,2466,58620,763,45323,925,42295,1392,61470,2826,61618,657,47113,823,42257,1206,61167,1989,60459,495,46634,738,42193,1195,60944,1994,60751,503,46605,758,41249,1386,62250,2090,60971,595,45579,927,40414,1237,62217,2096,59342,535,44039,657,38637,1226,60827,2134,57919,552,43259,741,37269,1269,60168,1757,57399,576,43255,603,37566,1176,60329,1405,57074,533,43108,723,37435,1081,61775,996,58739,530,44672,726
"30","New Hampshire",42100,18410,62780,7421,56888,1073,51612,8852,43993,19546,69815,18202,59634,1270,55048,17034,45139,12656,69037,7024,61604,725,55611,6514,42500,11098,71508,5337,64328,641,50343,4032,40779,7466,73612,6967,63280,446,52137,4072,47638,7137,73495,4538,63477,553,51336,5560,47708,7129,76141,5964,64940,514,50800,5416,46517,4907,78145,5354,65307,537,46875,4860,48495,4781,74858,5788,65362,652,48961,4136,49815,3669,78339,5616,66460,565,48670,4592,50103,4814,79577,4169,67262,551,49749,4485,50362,5908,77799,4628,69139,567,50354,3136
"31","New Jersey",41236,1735,85723,3009,69665,809,42132,1053,44866,1433,91095,2971,71966,577,45049,1321,44858,791,93111,1541,74658,397,46408,794,47357,776,97656,1609,78200,440,48302,670,46139,562,96884,1358,77475,348,48093,756,47191,589,98932,1502,78090,390,48578,520,47455,696,101537,1341,79840,310,49701,679,47714,655,102138,965,80565,366,49401,659,46843,606,102575,1386,80802,340,49384,632,46640,603,103101,987,81644,335,49097,775,46546,564,104575,1295,82102,290,48265,684,47299,633,106785,1297,83969,433,49939,610
"32","New Mexico",30818,5841,48035,9238,46459,893,32020,942,38006,5658,44034,18427,49989,1434,33789,1180,35515,4189,53584,6252,49966,794,34481,675,37243,4243,53769,7592,51494,706,36053,788,36943,3151,53765,5071,51590,595,35780,504,39100,3452,52368,5991,52444,628,36392,487,39386,3518,55591,4649,53454,551,36942,534,37101,3235,56100,4500,54040,561,37004,596,41214,3533,57457,6905,54334,587,36851,512,40960,2955,58744,4559,54464,662,37184,664,38146,4604,58780,4179,54650,707,37248,534,41306,1659,60458,3831,55647,714,37961,636
"33","New York",35843,712,53337,1652,55970,387,33472,968,37107,658,54099,2222,58186,557,36147,665,38682,485,56532,1403,60242,195,37019,472,40522,488,60024,1304,63254,243,38688,462,40081,386,60175,664,62766,224,38163,328,40774,305,59997,756,63422,238,39541,360,41207,346,61379,786,65147,256,40203,354,41536,346,61710,958,66000,232,40238,389,41755,344,62106,739,66491,230,40533,408,41598,339,62420,868,67485,240,40814,358,41615,320,63018,932,68221,299,40824,266,42483,386,65353,860,70083,284,41715,335
"34","North Carolina",27889,707,50798,4620,45817,483,31773,1815,29243,651,52670,6039,48624,555,33187,1530,30099,451,55371,2478,49701,319,34711,921,31580,394,60146,2760,52266,269,35559,705,31273,292,59111,1754,51045,222,34447,611,31977,254,59843,2240,51638,242,34523,608,32529,314,62245,1786,52399,281,34918,615,32702,324,63958,1436,52674,223,34359,585,32565,301,65157,2152,52470,267,34559,589,32930,293,67138,2128,52875,235,34938,675,32798,333,68866,2344,53157,275,34708,612,34040,295,72173,1985,54485,267,36103,547
"35","North Dakota",24538,3690,41431,23778,41616,768,40625,12041,22931,4278,28388,14639,43458,1458,31516,12374,25088,3715,32344,11269,44550,622,34479,8504,27942,8060,40666,9932,46903,638,29343,5146,25481,4457,37703,6899,46406,544,42459,3202,24814,6562,37269,9036,48475,533,38156,5991,26743,5226,39382,4050,51206,505,41058,5048,29390,3278,42169,9436,53417,647,43056,3059,29923,3758,38198,8626,55672,629,43658,2972,29012,2162,44537,12879,57825,829,42932,3880,29525,2188,44743,15087,59896,792,43940,3341,28474,2768,53884,19134,61734,678,44449,4086
"36","Ohio",26034,604,54708,3375,46509,363,31210,2444,27140,660,54313,5556,47508,362,37439,2228,28077,396,59130,2165,49422,212,35733,1097,29127,430,64924,2361,51262,167,37323,1401,28219,346,62834,1524,50358,178,36014,1058,28759,369,63906,1338,50641,180,36350,1055,28802,324,66339,1310,51496,174,36752,870,28162,382,67517,1506,51752,162,36656,886,28044,389,69030,2056,51816,183,37025,789,27909,427,69172,2164,52464,163,37644,894,28003,366,68818,2559,53074,188,38361,973,29033,312,69184,1958,54490,195,39300,1124
"37","Oklahoma",25871,2100,33085,4914,40152,589,29835,1818,24119,1536,45298,6104,42085,539,29838,1953,26760,924,42954,3375,43480,358,31652,959,27732,1045,46998,4090,46135,367,33074,1036,27875,716,45302,2684,45278,330,32716,786,28504,764,50303,2236,46628,315,34193,784,29465,817,50986,2242,47881,310,35271,662,30076,700,52882,2543,48783,286,35761,775,29949,758,53461,2405,49252,224,36362,803,30484,646,52833,2296,50201,245,37552,668,30560,487,53308,2387,50705,217,38205,902,31200,615,54937,2110,51916,215,39624,876
"38","Oregon",29819,2604,48823,2703,44498,589,31432,2134,29293,4924,58200,7457,47656,680,35744,2263,30569,2291,55353,2345,49007,415,35447,1609,30246,3099,59143,2893,51492,318,37205,1372,31794,2190,58582,1975,50557,279,36572,911,32168,2324,59136,1558,50822,292,37397,934,32735,2453,58773,2417,51389,282,38003,905,32767,2907,60487,2276,51466,355,38582,800,32571,2675,61608,1989,51799,273,38834,936,33505,2565,62398,2373,52100,277,39723,810,32481,2330,64623,2689,52841,372,40565,832,32062,2808,68694,2131,55125,358,42311,1020
"39","Pennsylvania",27338,797,51865,4543,47228,356,28534,1977,29111,964,57119,2970,49054,352,32454,1390,30167,584,57585,2261,50824,192,31391,908,31751,492,60417,2050,53164,198,33127,959,31308,382,61303,1935,52594,167,32554,718,31995,355,60471,1482,53413,151,32876,808,32621,428,62635,1566,54859,166,33612,824,32496,393,63627,1327,55567,187,33376,729,32426,351,64397,1219,56035,192,33963,657,32606,363,65319,1377,56875,179,34491,735,32493,373,65013,1697,57559,195,34494,639,33645,507,66318,1500,59238,219,35607,623
"40","Rhode Island",31163,5425,56308,19392,55123,1355,28324,5818,35183,5841,50226,9750,55984,1759,30499,2620,35697,3174,55765,7279,58237,973,31620,2452,38013,2026,53266,7470,59870,872,34089,2150,38395,1436,53610,5236,60145,737,33703,1382,34699,2436,53357,4292,60051,804,33679,1543,36853,3465,54842,4695,61356,698,33792,1659,35120,2296,56203,4064,61693,682,32145,1551,33793,2132,53422,2916,62188,761,31820,1489,33969,1656,54070,3491,62747,705,30827,1650,36209,2472,53441,4820,63237,861,31121,1563,37046,2155,62256,7749,64474,721,32464,1679
"41","South Carolina",25704,842,50084,7875,46293,573,35353,2837,26473,605,45936,6103,48295,761,35313,2462,27553,462,52089,5257,50148,467,35527,1199,28850,486,51897,5149,52365,370,36359,1206,28462,301,51607,3798,51269,273,35995,1146,28899,359,50349,2539,51625,297,35843,1052,29486,373,53126,2754,52345,307,35478,1253,29676,432,54282,2350,52249,307,36190,1173,29670,386,57298,2805,52276,339,36510,1110,29971,330,54865,2795,52480,288,36646,1236,30221,277,55313,3038,52996,408,36869,1048,31030,323,58446,2946,54614,399,38057,1451
"42","South Dakota",29407,8019,34340,24144,41746,917,34512,5904,48623,33081,65014,29318,44448,1020,37786,13503,34763,10237,43308,10826,45242,557,33642,3414,23615,13778,57105,16644,47259,562,35172,4189,32401,6878,46768,2660,46552,402,36733,4108,31888,4742,46892,5059,48358,419,36290,5354,31114,4560,47104,6577,50424,481,36162,4318,32442,2412,48630,1304,51381,423,38684,6170,33806,3182,47690,1698,51879,502,35625,3559,33516,3881,47094,3390,52766,489,38767,5063,31758,2317,47699,3344,53435,607,39920,4118,35916,7392,47000,4588,54891,608,41183,4022
"43","Tennessee",27331,973,53469,5598,41777,420,31568,2392,28067,982,49070,6216,43163,602,32049,1722,29584,587,55715,3890,44807,352,34935,1349,31054,502,61089,3809,46699,284,36338,1273,30388,387,60447,2678,46035,228,34483,961,31362,327,60268,2922,46336,235,34606,997,31945,419,63936,2661,47100,232,34857,1021,31979,405,65058,2791,47285,276,33956,1061,32064,354,65226,3062,47516,275,34295,1335,32361,377,66243,1903,48023,271,34631,1050,32344,365,66331,1962,48747,285,35721,891,33293,556,66821,2276,50273,225,37146,1057
"44","Texas",30978,714,55570,2115,52543,427,30882,361,32159,648,60159,1601,55506,394,33354,428,33325,500,61180,1047,57321,262,34306,230,35422,445,64668,974,60757,245,36522,222,34998,312,64193,940,59721,208,35705,213,36464,345,64673,1050,61049,198,37019,177,37419,299,67329,1064,62904,215,38154,216,37906,357,70090,1064,63393,224,38848,199,38156,386,71259,995,63924,220,39629,180,38709,345,73999,921,64875,190,40557,205,39345,402,75796,938,65714,201,41248,191,40750,258,78580,1166,67407,237,42503,272
"45","Utah",41561,12002,41788,5634,49992,912,36893,2190,39744,9488,52465,7268,53281,912,37157,1817,42924,6027,50262,4040,55372,379,39621,1150,41674,6098,56554,2230,58842,422,41463,857,36881,3651,54443,3044,57983,403,41391,836,38731,4584,54627,2965,59013,373,41195,674,36444,5011,57635,3592,60538,395,42684,880,37785,4350,57627,2975,61048,388,42037,1036,36441,3963,55396,3335,61818,415,42056,1071,39915,4238,60046,2213,62817,368,42155,1008,38900,3256,61124,2074,63767,397,43192,1117,40622,4145,63283,2873,65784,394,44366,910
"46","Virginia",37370,913,75680,4304,59364,741,49758,1776,40267,721,73908,3539,61156,521,54087,2192,40903,519,78396,2678,63374,386,56284,1484,42477,644,81818,2487,66224,380,59462,1909,41925,403,82867,1614,65486,278,57544,1140,42468,378,83569,2163,66655,304,57793,1275,43597,537,87364,1409,68728,360,59874,1029,43803,463,89847,1563,69165,291,59245,1066,43885,419,92480,1968,69424,349,59930,1161,44288,463,94223,1645,70309,322,60459,901,44562,563,94896,1924,70415,309,60904,1036,45374,440,96617,1291,71663,345,61545,1054
"47","Washington",35613,3134,54276,2605,51295,473,31968,1140,40659,2082,58612,2768,54825,559,36222,1621,39718,1686,60371,1426,56281,331,36998,745,40989,1786,64743,1515,59687,409,40876,966,39703,1274,64227,1172,58718,269,40350,712,40497,1059,66251,1376,59820,304,41284,647,40418,970,68652,1546,61463,246,42046,679,41087,1075,70148,1439,62022,282,42295,600,41325,1086,70991,1318,62101,304,42320,731,42120,1091,72430,1445,62818,318,42945,612,42200,1178,74914,1237,63582,330,44073,695,44438,1391,78778,1671,65599,367,46297,713
"48","West Virginia",24399,3098,42431,28779,33870,835,27755,6694,21554,2835,60677,32065,35459,606,37631,10958,22474,1940,52039,15409,36526,404,30779,3593,24145,1701,54670,20725,38434,348,32520,4557,24394,1408,51438,6228,37765,333,34910,5403,25866,1469,51208,6293,38866,368,36002,4492,27192,2224,56411,7649,40036,321,36674,3868,27366,2033,60156,13220,40866,316,38799,4971,28138,2085,54670,7482,41504,338,39744,5313,28993,1845,51842,5248,42123,362,40751,5091,29202,1859,57500,7357,42224,450,40847,1637,31119,2503,60814,4743,43060,410,41955,3080
"49","Wisconsin",26318,2127,45018,6790,49553,513,32357,1935,26161,1322,50264,4630,50997,311,34332,1977,27104,971,52663,3158,52459,267,36165,1455,28508,1234,55503,3055,54419,240,38503,1637,27986,805,55544,2443,53786,174,37911,947,27859,767,53994,2366,54013,152,37787,1146,27647,682,54462,2992,54951,167,38813,840,27318,715,54858,2299,55159,195,38287,851,27016,517,55000,2409,55199,203,36788,844,26968,515,53887,2412,55749,203,36826,740,27099,565,57785,2353,56470,218,37766,918,27979,800,60488,1923,57786,237,38972,981
"50","Wyoming",53692,23781,NA,NA,47504,1748,30841,4819,41170,12858,40764,16697,48744,1925,43660,8618,41171,8039,38750,16221,51055,976,44840,4067,41589,3852,48182,31254,54287,998,46696,3878,40688,7330,39018,7393,53482,722,43202,2151,35714,12313,49861,20506,55247,748,45256,2498,31848,7139,45838,15350,57919,875,46623,2585,31344,4799,46205,10545,58396,1078,43050,5076,33750,6080,38053,3981,59438,842,44436,3259,36479,10105,43125,10039,60462,760,42803,3103,38958,8227,38762,7044,60950,784,43813,2731,44079,7352,45049,8502,61200,762,45234,2634
"51","Puerto Rico",17723,1598,23305,3908,24098,5060,17085,310,18106,1168,18649,3224,31698,3547,17476,369,17961,895,20063,5194,29173,2591,18066,210,18034,752,18024,3148,31460,2580,18497,167,18102,487,18331,2518,29745,2077,18523,142,18185,523,17632,2768,30628,2340,18692,157,18425,571,17047,3332,27964,2643,19050,140,19072,495,17163,3094,27042,2622,19448,148,19238,563,15637,3213,27023,2189,19561,141,19463,499,15639,3411,28278,3894,19625,140,19057,459,14389,3087,27066,3382,19291,161,19001,458,15356,2688,29437,2760,19537,167
"52","Vermont",NA,NA,73179,16842,45896,1241,28606,10908,NA,NA,49244,18429,47937,1272,45899,7657,38022,12999,60272,16199,49626,696,46567,10895,31058,10597,56526,10594,51915,650,50901,6800,40240,6671,48563,9048,51553,490,51858,7039,40873,5407,39671,8443,52153,431,50833,6215,42167,4135,39496,8274,53761,478,54964,6416,45690,8478,45313,8307,54545,652,54547,7206,49559,10188,48350,7595,54675,586,53007,4836,54531,8461,55417,9463,54682,584,50410,6894,50417,9152,55179,7895,55504,580,51231,6398,42935,12295,53801,5810,56602,794,49396,3775
